row_id,emoji,unicode,unicode_slug,name,unicode_description,emojinet_name,emojinet_category,emojinet_shortcode,emojinet_definition,emojinet_keywords,canonical_unicode_image_path,available_vendor_count,available_vendors,has_apple,has_google,has_facebook,has_windows,has_twitter,has_joypixels,has_samsung,has_gmail,has_softbank,has_docomo,has_kddi,emotion_primary,sentiment,has_tears,has_sweat,has_hearts,has_tongue,has_glasses,has_mask,has_halo,has_horns,has_hat,has_temperature
1,😀,U+1F600,U+1F600,grinning face,grinning face,grinning face,Emoticons -> Faces,:grinning:,"A face with a big open (grinning) mouth, showing teeth. Differs only slightly from the Smiling Face With Open Mouth And Smiling Eyes by the  http://emojipedia.org/grinning-face/",grin|face,/Users/ningzd/Desktop/Pic_Gen/data/processed/emoji_editing/images/unicode_256/0001_u1f600.png,8,Apple|Google|Facebook|Windows|Twitter|JoyPixels|Samsung|Gmail,1,1,1,1,1,1,1,1,0,0,0,joy,positive,0,0,0,0,0,0,0,0,0,0
2,😃,U+1F603,U+1F603,grinning face with big eyes,grinning face with big eyes,smiling face with open mouth,Emoticons -> Faces,:smiley:,"A classic smiley-face emoji with an open mouth showing teeth, and tall, open eyes. Differs only slightly from the Smiling Face With Open Mou http://emojipedia.org/smiling-face-with-open-mouth/",smile|mouth|open|face,/Users/ningzd/Desktop/Pic_Gen/data/processed/emoji_editing/images/unicode_256/0002_u1f603.png,11,Apple|Google|Facebook|Windows|Twitter|JoyPixels|Samsung|Gmail|SoftBank|DoCoMo|KDDI,1,1,1,1,1,1,1,1,1,1,1,joy,positive,0,0,0,0,0,0,0,0,0,0
3,😄,U+1F604,U+1F604,grinning face with smiling eyes,grinning face with smiling eyes,smiling face with open mouth & smiling eyes,Emoticons -> Faces,:smile:,"A happy and smiling face with big open mouth, showing teeth. Differs only slightly from the Smiling Face With Open Mouth emoji by the fact t http://emojipedia.org/smiling-face-with-open-mouth-and-smiling-eyes/",eye|smile|mouth|open|face,/Users/ningzd/Desktop/Pic_Gen/data/processed/emoji_editing/images/unicode_256/0003_u1f604.png,9,Apple|Google|Facebook|Windows|Twitter|JoyPixels|Samsung|Gmail|SoftBank,1,1,1,1,1,1,1,1,1,0,0,joy,positive,0,0,0,0,0,0,0,0,0,0
4,😁,U+1F601,U+1F601,beaming face with smiling eyes,beaming face with smiling eyes,grinning face with smiling eyes,Emoticons -> Faces,:grin:,"A version of the grinning face showing smiling eyes. This emoji previously looked closer to the grimacing face on many platforms, but is now http://emojipedia.org/grinning-face-with-smiling-eyes/",eye|smile|grin|face,/Users/ningzd/Desktop/Pic_Gen/data/processed/emoji_editing/images/unicode_256/0004_u1f601.png,11,Apple|Google|Facebook|Windows|Twitter|JoyPixels|Samsung|Gmail|SoftBank|DoCoMo|KDDI,1,1,1,1,1,1,1,1,1,1,1,joy,positive,0,0,0,0,0,0,0,0,0,0
5,😆,U+1F606,U+1F606,grinning squinting face,grinning squinting face,smiling face with open mouth & closed eyes,Emoticons -> Faces,":laughing:,:satisfied:","A face with a big smiling mouth, and scrunched-closed eyes. May be used in a similar context to the text-based >< emoticon. Smiling Face Wit http://emojipedia.org/smiling-face-with-open-mouth-and-tightly-closed-eyes/",laugh|smile|mouth|open|face|satisfied,/Users/ningzd/Desktop/Pic_Gen/data/processed/emoji_editing/images/unicode_256/0005_u1f606.png,9,Apple|Google|Facebook|Windows|Twitter|JoyPixels|Samsung|Gmail|DoCoMo,1,1,1,1,1,1,1,1,0,1,0,joy,positive,0,0,0,0,0,0,0,0,0,0
6,😅,U+1F605,U+1F605,grinning face with sweat,grinning face with sweat,smiling face with open mouth & cold sweat,Emoticons -> Faces,:sweat_smile:,"The same face as Smiling Face With Open Mouth And Smiling Eyes, but with a single drop of sweat on one side of the face. A rarely used emoji http://emojipedia.org/smiling-face-with-open-mouth-and-cold-sweat/",cold|smile|open|sweat|face,/Users/ningzd/Desktop/Pic_Gen/data/processed/emoji_editing/images/unicode_256/0006_u1f605.png,9,Apple|Google|Facebook|Windows|Twitter|JoyPixels|Samsung|Gmail|DoCoMo,1,1,1,1,1,1,1,1,0,1,0,joy,positive,0,1,0,0,0,0,0,0,0,0
7,🤣,U+1F923,U+1F923,rolling on the floor laughing,rolling on the floor laughing,rolling on the floor laughing,Supplemental Symbols And Pictographs -> Emoticon faces,,"A character lying on the floor due to an extreme amount of laughter. Face is laughing, possibly with one hand hitting the floor. An emoji ve http://emojipedia.org/rolling-on-the-floor-laughing/",laugh|rolling|floor|face,/Users/ningzd/Desktop/Pic_Gen/data/processed/emoji_editing/images/unicode_256/0007_u1f923.png,7,Apple|Google|Facebook|Windows|Twitter|JoyPixels|Samsung,1,1,1,1,1,1,1,0,0,0,0,joy,positive,0,0,0,0,0,0,0,0,0,0
8,😂,U+1F602,U+1F602,face with tears of joy,face with tears of joy,face with tears of joy,Emoticons -> Faces,:joy:,A laughing emoji which at small sizes is often mistaken for being tears of sadness. This emoji is laughing so much that it is crying tears o http://emojipedia.org/face-with-tears-of-joy/,laugh|joy|face|tear,/Users/ningzd/Desktop/Pic_Gen/data/processed/emoji_editing/images/unicode_256/0008_u1f602.png,10,Apple|Google|Facebook|Windows|Twitter|JoyPixels|Samsung|Gmail|SoftBank|KDDI,1,1,1,1,1,1,1,1,1,0,1,other,mixed,1,0,0,0,0,0,0,0,0,0
9,🙂,U+1F642,U+1F642,slightly smiling face,slightly smiling face,slightly smiling face,Emoticons -> Faces,,"A face that is a little bit happy, with a slight smile and neutral eyes. Slightly Smiling Face was approved as part of Unicode 7.0 in 2014 a http://emojipedia.org/slightly-smiling-face/",smile|face,/Users/ningzd/Desktop/Pic_Gen/data/processed/emoji_editing/images/unicode_256/0009_u1f642.png,8,Apple|Google|Facebook|Windows|Twitter|JoyPixels|Samsung|Gmail,1,1,1,1,1,1,1,1,0,0,0,joy,positive,0,0,0,0,0,0,0,0,0,0
10,🙃,U+1F643,U+1F643,upside-down face,upside-down face,upside-down face,Emoticons -> Faces,,"A face that is upside-down, often representing a sense silliness or goofiness. Sometimes used as an ambiguous emotion, such as joking or sar http://emojipedia.org/upside-down-face/",upside-down|face,/Users/ningzd/Desktop/Pic_Gen/data/processed/emoji_editing/images/unicode_256/0010_u1f643.png,7,Apple|Google|Facebook|Windows|Twitter|JoyPixels|Samsung,1,1,1,1,1,1,1,0,0,0,0,playful,positive,0,0,0,0,0,0,0,0,0,0
11,😉,U+1F609,U+1F609,winking face,winking face,winking face,Emoticons -> Faces,:wink:,"A classic winky emoji; winking and smiling. Used  to imply humor in written form, or may alternatively be used suggestively, as a form of fl http://emojipedia.org/winking-face/",wink|face,/Users/ningzd/Desktop/Pic_Gen/data/processed/emoji_editing/images/unicode_256/0011_u1f609.png,11,Apple|Google|Facebook|Windows|Twitter|JoyPixels|Samsung|Gmail|SoftBank|DoCoMo|KDDI,1,1,1,1,1,1,1,1,1,1,1,other,mixed,0,0,0,0,0,0,0,0,0,0
12,😊,U+1F60A,U+1F60A,smiling face with smiling eyes,smiling face with smiling eyes,smiling face with smiling eyes,Emoticons -> Faces,:blush:,"A smiling face, with smiling eyes and rosy cheeks. Showing a true sense of happiness. This emoji smiles with its mouth closed, which makes i http://emojipedia.org/smiling-face-with-smiling-eyes/",eye|smile|face|blush,/Users/ningzd/Desktop/Pic_Gen/data/processed/emoji_editing/images/unicode_256/0012_u1f60a.png,10,Apple|Google|Facebook|Windows|Twitter|JoyPixels|Samsung|Gmail|SoftBank|KDDI,1,1,1,1,1,1,1,1,1,0,1,joy,positive,0,0,0,0,0,0,0,0,0,0
13,😇,U+1F607,U+1F607,smiling face with halo,smiling face with halo,smiling face with halo,Emoticons -> Faces,:innocent:,"A face with a halo above it, used to represent an angel, or a good person / person who has done a good deed. Smiling Face With Halo was appr http://emojipedia.org/smiling-face-with-halo/",innocent|smile|fairy tale|fantasy|face|halo|angel,/Users/ningzd/Desktop/Pic_Gen/data/processed/emoji_editing/images/unicode_256/0013_u1f607.png,7,Apple|Google|Facebook|Windows|Twitter|JoyPixels|Samsung,1,1,1,1,1,1,1,0,0,0,0,joy,positive,0,0,0,0,0,0,1,0,0,0
14,🥰,U+1F970,U+1F970,smiling face with hearts,smiling face with hearts,,,,,,/Users/ningzd/Desktop/Pic_Gen/data/processed/emoji_editing/images/unicode_256/0014_u1f970.png,7,Apple|Google|Facebook|Windows|Twitter|JoyPixels|Samsung,1,1,1,1,1,1,1,0,0,0,0,love,positive,0,0,1,0,0,0,0,0,0,0
15,😍,U+1F60D,U+1F60D,smiling face with heart-eyes,smiling face with heart-eyes,smiling face with heart-eyes,Emoticons -> Faces,:heart_eyes:,"A face with hearts instead of eyes, or Heart Eyes Emoji as it is generally known. Used as an expression of love, for example:  “I love you”  http://emojipedia.org/smiling-face-with-heart-shaped-eyes/",eye|smile|love|face,/Users/ningzd/Desktop/Pic_Gen/data/processed/emoji_editing/images/unicode_256/0015_u1f60d.png,11,Apple|Google|Facebook|Windows|Twitter|JoyPixels|Samsung|Gmail|SoftBank|DoCoMo|KDDI,1,1,1,1,1,1,1,1,1,1,1,love,positive,0,0,1,0,0,0,0,0,0,0
16,🤩,U+1F929,U+1F929,star-struck,star-struck,,,,,,/Users/ningzd/Desktop/Pic_Gen/data/processed/emoji_editing/images/unicode_256/0016_u1f929.png,7,Apple|Google|Facebook|Windows|Twitter|JoyPixels|Samsung,1,1,1,1,1,1,1,0,0,0,0,other,mixed,0,0,0,0,0,0,0,0,0,0
17,😘,U+1F618,U+1F618,face blowing a kiss,face blowing a kiss,face blowing a kiss,Emoticons -> Faces,:kissing_heart:,"An emoji face blowing a kiss; but officially called “Face Throwing A Kiss”. One eye is open, the other is winking. A heart is shown leaving  http://emojipedia.org/face-throwing-a-kiss/",kiss|face,/Users/ningzd/Desktop/Pic_Gen/data/processed/emoji_editing/images/unicode_256/0017_u1f618.png,10,Apple|Google|Facebook|Windows|Twitter|JoyPixels|Samsung|Gmail|SoftBank|KDDI,1,1,1,1,1,1,1,1,1,0,1,love,positive,0,0,0,0,0,0,0,0,0,0
18,😗,U+1F617,U+1F617,kissing face,kissing face,kissing face,Emoticons -> Faces,:kissing:,"This emoji is kissing, but also looks like a whistling emoji, or blowing air. A bit more of an ‘innocent, I’m pretending I didn’t do anythin http://emojipedia.org/kissing-face/",kiss|face,/Users/ningzd/Desktop/Pic_Gen/data/processed/emoji_editing/images/unicode_256/0018_u1f617.png,7,Apple|Google|Facebook|Windows|Twitter|JoyPixels|Samsung,1,1,1,1,1,1,1,0,0,0,0,love,positive,0,0,0,0,0,0,0,0,0,0
19,☺,U+263A,U+263A,smiling face,,smiling face,Miscellaneous Symbols -> Emoticons,:relaxed:,"This smiling face predates emoji, and works in all manner of older browsers and operating systems. The modern version of this emoji has a sm http://emojipedia.org/white-smiling-face/",smile|relaxed|outlined|face,,10,Apple|Google|Facebook|Windows|Twitter|JoyPixels|Samsung|Gmail|SoftBank|KDDI,1,1,1,1,1,1,1,1,1,0,1,joy,positive,0,0,0,0,0,0,0,0,0,0
20,😚,U+1F61A,U+1F61A,kissing face with closed eyes,kissing face with closed eyes,kissing face with closed eyes,Emoticons -> Faces,:kissing_closed_eyes:,"A face with pursed lips, slightly blushing while making kissing motion. More intimate than the regular kissing face emoji, due to the eyes b http://emojipedia.org/kissing-face-with-closed-eyes/",kiss|eye|closed|face,/Users/ningzd/Desktop/Pic_Gen/data/processed/emoji_editing/images/unicode_256/0020_u1f61a.png,10,Apple|Google|Facebook|Windows|Twitter|JoyPixels|Samsung|Gmail|SoftBank|KDDI,1,1,1,1,1,1,1,1,1,0,1,love,positive,0,0,0,0,0,0,0,0,0,0
21,😙,U+1F619,U+1F619,kissing face with smiling eyes,kissing face with smiling eyes,kissing face with smiling eyes,Emoticons -> Faces,:kissing_smiling_eyes:,"This emoji is kissing, but also looks like a whistling emoji, or blowing air. A bit more of an ‘innocent, I’m pretending I didn’t do anythin http://emojipedia.org/kissing-face-with-smiling-eyes/",kiss|eye|smile|face,/Users/ningzd/Desktop/Pic_Gen/data/processed/emoji_editing/images/unicode_256/0021_u1f619.png,7,Apple|Google|Facebook|Windows|Twitter|JoyPixels|Samsung,1,1,1,1,1,1,1,0,0,0,0,love,positive,0,0,0,0,0,0,0,0,0,0
22,🥲,U+1F972,U+1F972,smiling face with tear,smiling face with tear,,,,,,/Users/ningzd/Desktop/Pic_Gen/data/processed/emoji_editing/images/unicode_256/0022_u1f972.png,4,Apple|Google|Twitter|JoyPixels,1,1,0,0,1,1,0,0,0,0,0,joy,positive,1,0,0,0,0,0,0,0,0,0
23,😋,U+1F60B,U+1F60B,face savoring food,face savoring food,face savouring delicious food,Emoticons -> Faces,:yum:,"A friendly, goofy smile with tongue hanging out the side of the mouth. Used to indicate a silly happiness. Face Savouring Delicious Food was http://emojipedia.org/face-savouring-delicious-food/",savouring|smile|yum|um|delicious|face,/Users/ningzd/Desktop/Pic_Gen/data/processed/emoji_editing/images/unicode_256/0023_u1f60b.png,9,Apple|Google|Facebook|Windows|Twitter|JoyPixels|Samsung|Gmail|DoCoMo,1,1,1,1,1,1,1,1,0,1,0,joy,positive,0,0,0,0,0,0,0,0,0,0
24,😛,U+1F61B,U+1F61B,face with tongue,face with tongue,face with stuck-out tongue,Emoticons -> Faces,:stuck_out_tongue:,A cheeky face sticking its tongue out in jest. Used as a way of stating “I’m kidding” or generally being jovial and not serious. Face With S http://emojipedia.org/face-with-stuck-out-tongue/,face|tongue,/Users/ningzd/Desktop/Pic_Gen/data/processed/emoji_editing/images/unicode_256/0024_u1f61b.png,7,Apple|Google|Facebook|Windows|Twitter|JoyPixels|Samsung,1,1,1,1,1,1,1,0,0,0,0,playful,positive,0,0,0,1,0,0,0,0,0,0
25,😜,U+1F61C,U+1F61C,winking face with tongue,winking face with tongue,face with stuck-out tongue & winking eye,Emoticons -> Faces,:stuck_out_tongue_winking_eye:,"A face showing a stuck-out tongue, winking at the same time. Used in an attempt to be wacky, zany, or otherwise joking. Face With Stuck-out  http://emojipedia.org/face-with-stuck-out-tongue-and-winking-eye/",eye|wink|face|tongue|joke,/Users/ningzd/Desktop/Pic_Gen/data/processed/emoji_editing/images/unicode_256/0025_u1f61c.png,11,Apple|Google|Facebook|Windows|Twitter|JoyPixels|Samsung|Gmail|SoftBank|DoCoMo|KDDI,1,1,1,1,1,1,1,1,1,1,1,playful,positive,0,0,0,1,0,0,0,0,0,0
26,🤪,U+1F92A,U+1F92A,zany face,zany face,,,,,,/Users/ningzd/Desktop/Pic_Gen/data/processed/emoji_editing/images/unicode_256/0026_u1f92a.png,7,Apple|Google|Facebook|Windows|Twitter|JoyPixels|Samsung,1,1,1,1,1,1,1,0,0,0,0,joy,positive,0,0,0,0,0,0,0,0,0,0
27,😝,U+1F61D,U+1F61D,squinting face with tongue,squinting face with tongue,face with stuck-out tongue & closed eyes,Emoticons -> Faces,:stuck_out_tongue_closed_eyes:,"Has both eyes closed, sticking tongue out. Face With Stuck-out Tongue & Closed Eyes was approved as part of Unicode 6.0 in 2010 under the na http://emojipedia.org/face-with-stuck-out-tongue-and-tightly-closed-eyes/",horrible|eye|face|tongue|taste,/Users/ningzd/Desktop/Pic_Gen/data/processed/emoji_editing/images/unicode_256/0027_u1f61d.png,9,Apple|Google|Facebook|Windows|Twitter|JoyPixels|Samsung|Gmail|SoftBank,1,1,1,1,1,1,1,1,1,0,0,playful,positive,0,0,0,1,0,0,0,0,0,0
28,🤑,U+1F911,U+1F911,money-mouth face,money-mouth face,money-mouth face,Supplemental Symbols And Pictographs -> Emoticon faces,,"A face with a bank note showing instead of a tongue, and dollar signs instead of eyes. Indicates a love of money, or a feeling of wealth. Mo http://emojipedia.org/money-mouth-face/",mouth|money|face,/Users/ningzd/Desktop/Pic_Gen/data/processed/emoji_editing/images/unicode_256/0028_u1f911.png,7,Apple|Google|Facebook|Windows|Twitter|JoyPixels|Samsung,1,1,1,1,1,1,1,0,0,0,0,playful,positive,0,0,0,0,0,0,0,0,0,0
29,🤗,U+1F917,U+1F917,hugging face,smiling face with open hands,hugging face,Supplemental Symbols And Pictographs -> Emoticon faces,,"A face displayed with an open hands gesture, offering a hug. Hugging Face was approved as part of Unicode 8.0 in 2015 and added to Emoji 1.0 http://emojipedia.org/hugging-face/",hug|face|hugging,/Users/ningzd/Desktop/Pic_Gen/data/processed/emoji_editing/images/unicode_256/0029_u1f917.png,7,Apple|Google|Facebook|Windows|Twitter|JoyPixels|Samsung,1,1,1,1,1,1,1,0,0,0,0,joy,positive,0,0,0,0,0,0,0,0,0,0
30,🤭,U+1F92D,U+1F92D,face with hand over mouth,face with hand over mouth,,,,,,/Users/ningzd/Desktop/Pic_Gen/data/processed/emoji_editing/images/unicode_256/0030_u1f92d.png,7,Apple|Google|Facebook|Windows|Twitter|JoyPixels|Samsung,1,1,1,1,1,1,1,0,0,0,0,thinking,mixed,0,0,0,0,0,0,0,0,0,0
31,🤫,U+1F92B,U+1F92B,shushing face,shushing face,,,,,,/Users/ningzd/Desktop/Pic_Gen/data/processed/emoji_editing/images/unicode_256/0031_u1f92b.png,7,Apple|Google|Facebook|Windows|Twitter|JoyPixels|Samsung,1,1,1,1,1,1,1,0,0,0,0,thinking,mixed,0,0,0,0,0,0,0,0,0,0
32,🤔,U+1F914,U+1F914,thinking face,thinking face,thinking face,Supplemental Symbols And Pictographs -> Emoticon faces,,"A face shown with a single finger and thumb resting on the chin, glancing upward. Used to indicate thinking, or deep thought. Can be paired  http://emojipedia.org/thinking-face/",thinking|face,/Users/ningzd/Desktop/Pic_Gen/data/processed/emoji_editing/images/unicode_256/0032_u1f914.png,7,Apple|Google|Facebook|Windows|Twitter|JoyPixels|Samsung,1,1,1,1,1,1,1,0,0,0,0,thinking,neutral,0,0,0,0,0,0,0,0,0,0
33,🤐,U+1F910,U+1F910,zipper-mouth face,zipper-mouth face,zipper-mouth face,Supplemental Symbols And Pictographs -> Emoticon faces,,"A face with a zipper displayed instead of a mouth. Used to convey a secret, or that one will not discuss a certain matter with others aka “m http://emojipedia.org/zipper-mouth-face/",zipper|mouth|face,/Users/ningzd/Desktop/Pic_Gen/data/processed/emoji_editing/images/unicode_256/0033_u1f910.png,7,Apple|Google|Facebook|Windows|Twitter|JoyPixels|Samsung,1,1,1,1,1,1,1,0,0,0,0,thinking,mixed,0,0,0,0,0,0,0,0,0,0
34,🤨,U+1F928,U+1F928,face with raised eyebrow,face with raised eyebrow,,,,,,/Users/ningzd/Desktop/Pic_Gen/data/processed/emoji_editing/images/unicode_256/0034_u1f928.png,7,Apple|Google|Facebook|Windows|Twitter|JoyPixels|Samsung,1,1,1,1,1,1,1,0,0,0,0,thinking,mixed,0,0,0,0,0,0,0,0,0,0
35,😐,U+1F610,U+1F610,neutral face,neutral face,neutral face,Emoticons -> Faces,:neutral_face:,"A face featuring a straight-and-closed mouth, not giving away any particular emotion. Neutral Face was approved as part of Unicode 6.0 in 20 http://emojipedia.org/neutral-face/",deadpan|neutral|face,/Users/ningzd/Desktop/Pic_Gen/data/processed/emoji_editing/images/unicode_256/0035_u1f610.png,7,Apple|Google|Facebook|Windows|Twitter|JoyPixels|Samsung,1,1,1,1,1,1,1,0,0,0,0,neutral,neutral,0,0,0,0,0,0,0,0,0,0
36,😑,U+1F611,U+1F611,expressionless face,expressionless face,expressionless face,Emoticons -> Faces,:expressionless:,"A face with narrow, closed eyes, and a straight mouth. A deliberate display of ‘no comment’ as opposed to a completely neutral face. Express http://emojipedia.org/expressionless-face/",unexpressive|expressionless|inexpressive|face,/Users/ningzd/Desktop/Pic_Gen/data/processed/emoji_editing/images/unicode_256/0036_u1f611.png,7,Apple|Google|Facebook|Windows|Twitter|JoyPixels|Samsung,1,1,1,1,1,1,1,0,0,0,0,neutral,neutral,0,0,0,0,0,0,0,0,0,0
37,😶,U+1F636,U+1F636,face without mouth,face without mouth,face without mouth,Emoticons -> Faces,:no_mouth:,"This emoji has eyes, and no mouth. Represents silence, as this emoji is always silent. Imagine the things he would say if he had a mouth! Fa http://emojipedia.org/face-without-mouth/",silent|mouth|quiet|face,/Users/ningzd/Desktop/Pic_Gen/data/processed/emoji_editing/images/unicode_256/0037_u1f636.png,7,Apple|Google|Facebook|Windows|Twitter|JoyPixels|Samsung,1,1,1,1,1,1,1,0,0,0,0,neutral,neutral,0,0,0,0,0,0,0,0,0,0
38,😶‍🌫️,U+1F636 U+200D U+1F32B U+FE0F,U+1F636-U+200D-U+1F32B-U+FE0F,face in clouds,face in clouds,,,,,,/Users/ningzd/Desktop/Pic_Gen/data/processed/emoji_editing/images/unicode_256/0038_u1f636_u200d_u1f32b_ufe0f.png,11,Apple|Google|Facebook|Windows|Twitter|JoyPixels|Samsung|Gmail|SoftBank|DoCoMo|KDDI,1,1,1,1,1,1,1,1,1,1,1,surprised,mixed,0,0,0,0,0,0,0,0,0,0
39,😏,U+1F60F,U+1F60F,smirking face,smirking face,smirking face,Emoticons -> Faces,:smirk:,"A sly smile, often used with a sexual, or smug connotation. Not to be confused with the unamused face, which has similar eyes, but a displea http://emojipedia.org/smirking-face/",face|smirk,/Users/ningzd/Desktop/Pic_Gen/data/processed/emoji_editing/images/unicode_256/0039_u1f60f.png,11,Apple|Google|Facebook|Windows|Twitter|JoyPixels|Samsung|Gmail|SoftBank|DoCoMo|KDDI,1,1,1,1,1,1,1,1,1,1,1,neutral,mixed,0,0,0,0,0,0,0,0,0,0
40,😒,U+1F612,U+1F612,unamused face,unamused face,unamused face,Emoticons -> Faces,:unamused:,"This face is not amused. This is not a face of sadness, it is more of a grumpy, displeased look. Used to express dissatisfaction. The eyes a http://emojipedia.org/unamused-face/",unhappy|unamused|face,/Users/ningzd/Desktop/Pic_Gen/data/processed/emoji_editing/images/unicode_256/0040_u1f612.png,11,Apple|Google|Facebook|Windows|Twitter|JoyPixels|Samsung|Gmail|SoftBank|DoCoMo|KDDI,1,1,1,1,1,1,1,1,1,1,1,neutral,mixed,0,0,0,0,0,0,0,0,0,0
41,🙄,U+1F644,U+1F644,face with rolling eyes,face with rolling eyes,face with rolling eyes,Emoticons -> Faces,,"A face displaying eyes glancing upward, indicating an eye-roll. This is used to show disdain, contempt or boredom about a person or topic. C http://emojipedia.org/face-with-rolling-eyes/",rolling|eyes|face,/Users/ningzd/Desktop/Pic_Gen/data/processed/emoji_editing/images/unicode_256/0041_u1f644.png,7,Apple|Google|Facebook|Windows|Twitter|JoyPixels|Samsung,1,1,1,1,1,1,1,0,0,0,0,neutral,mixed,0,0,0,0,0,0,0,0,0,0
42,😬,U+1F62C,U+1F62C,grimacing face,grimacing face,grimacing face,Emoticons -> Faces,:grimacing:,"A grimace emoji, showing bared teeth, usually for when a mistake or unfavorable situation has arisen – aka “eek!” The appearance of this emo http://emojipedia.org/grimacing-face/",grimace|face,/Users/ningzd/Desktop/Pic_Gen/data/processed/emoji_editing/images/unicode_256/0042_u1f62c.png,7,Apple|Google|Facebook|Windows|Twitter|JoyPixels|Samsung,1,1,1,1,1,1,1,0,0,0,0,other,mixed,0,0,0,0,0,0,0,0,0,0
43,😮‍💨,U+1F62E U+200D U+1F4A8,U+1F62E-U+200D-U+1F4A8,face exhaling,face exhaling,,,,,,/Users/ningzd/Desktop/Pic_Gen/data/processed/emoji_editing/images/unicode_256/0043_u1f62e_u200d_u1f4a8.png,11,Apple|Google|Facebook|Windows|Twitter|JoyPixels|Samsung|Gmail|SoftBank|DoCoMo|KDDI,1,1,1,1,1,1,1,1,1,1,1,surprised,mixed,0,0,0,0,0,0,0,0,0,0
44,🤥,U+1F925,U+1F925,lying face,lying face,lying face,Supplemental Symbols And Pictographs -> Emoticon faces,,"A person with a long nose, used to indicate the telling of a lie. Lying Face was approved as part of Unicode 9.0 in 2016 and added to Emoji  http://emojipedia.org/lying-face/",lie|face|pinocchio,/Users/ningzd/Desktop/Pic_Gen/data/processed/emoji_editing/images/unicode_256/0044_u1f925.png,7,Apple|Google|Facebook|Windows|Twitter|JoyPixels|Samsung,1,1,1,1,1,1,1,0,0,0,0,thinking,mixed,0,0,0,0,0,0,0,0,0,0
45,😌,U+1F60C,U+1F60C,relieved face,relieved face,relieved face,Emoticons -> Faces,:relieved:,"Pleasantly content. Happy, but not over the top. Feeling a sense of relief over a situation, or to convey a calm or content state of mind. R http://emojipedia.org/relieved-face/",relieved|face,/Users/ningzd/Desktop/Pic_Gen/data/processed/emoji_editing/images/unicode_256/0045_u1f60c.png,11,Apple|Google|Facebook|Windows|Twitter|JoyPixels|Samsung|Gmail|SoftBank|DoCoMo|KDDI,1,1,1,1,1,1,1,1,1,1,1,neutral,mixed,0,0,0,0,0,0,0,0,0,0
46,😔,U+1F614,U+1F614,pensive face,pensive face,pensive face,Emoticons -> Faces,:pensive:,"A pensive, remorseful face. Saddened by life. Quietly considering where things all went wrong. Pensive Face was approved as part of Unicode  http://emojipedia.org/pensive-face/",dejected|pensive|face,/Users/ningzd/Desktop/Pic_Gen/data/processed/emoji_editing/images/unicode_256/0046_u1f614.png,11,Apple|Google|Facebook|Windows|Twitter|JoyPixels|Samsung|Gmail|SoftBank|DoCoMo|KDDI,1,1,1,1,1,1,1,1,1,1,1,neutral,mixed,0,0,0,0,0,0,0,0,0,0
47,😪,U+1F62A,U+1F62A,sleepy face,sleepy face,sleepy face,Emoticons -> Faces,:sleepy:,"Not to be confused with Sleeping Face Emoji, this sleepy-face emoji features a snot bubble coming out of the nose. This is used in anime and http://emojipedia.org/sleepy-face/",sleep|face,/Users/ningzd/Desktop/Pic_Gen/data/processed/emoji_editing/images/unicode_256/0047_u1f62a.png,10,Apple|Google|Facebook|Windows|Twitter|JoyPixels|Samsung|Gmail|SoftBank|KDDI,1,1,1,1,1,1,1,1,1,0,1,sad,negative,0,0,0,0,0,0,0,0,0,0
48,🤤,U+1F924,U+1F924,drooling face,drooling face,drooling face,Supplemental Symbols And Pictographs -> Emoticon faces,,"A face shown with drool dripping from one side of the mouth. May be used as a display of desire in a person, object or concept. Not to be co http://emojipedia.org/drooling-face/",drooling|face,/Users/ningzd/Desktop/Pic_Gen/data/processed/emoji_editing/images/unicode_256/0048_u1f924.png,7,Apple|Google|Facebook|Windows|Twitter|JoyPixels|Samsung,1,1,1,1,1,1,1,0,0,0,0,sick,negative,0,0,0,0,0,0,0,0,0,0
49,😴,U+1F634,U+1F634,sleeping face,sleeping face,sleeping face,Emoticons -> Faces,:sleeping:,"Face with eyes closed, and a sleep symbol – Zzz – over the head Generally used instead of the Sleepy Face Emoji to indicate both sleeping, a http://emojipedia.org/sleeping-face/",zzz|sleep|face,/Users/ningzd/Desktop/Pic_Gen/data/processed/emoji_editing/images/unicode_256/0049_u1f634.png,7,Apple|Google|Facebook|Windows|Twitter|JoyPixels|Samsung,1,1,1,1,1,1,1,0,0,0,0,sad,negative,0,0,0,0,0,0,0,0,0,0
50,😷,U+1F637,U+1F637,face with medical mask,face with medical mask,face with medical mask,Emoticons -> Faces,:mask:,"A person with a surgical mask on their face, generally used in a hospital setting, or when working with dangerous fumes. Also seen in public http://emojipedia.org/face-with-medical-mask/",medicine|mask|cold|doctor|sick|face,/Users/ningzd/Desktop/Pic_Gen/data/processed/emoji_editing/images/unicode_256/0050_u1f637.png,10,Apple|Google|Facebook|Windows|Twitter|JoyPixels|Samsung|Gmail|SoftBank|KDDI,1,1,1,1,1,1,1,1,1,0,1,sick,negative,0,0,0,0,0,1,0,0,0,0
51,🤒,U+1F912,U+1F912,face with thermometer,face with thermometer,face with thermometer,Supplemental Symbols And Pictographs -> Emoticon faces,,"A face shown with a thermometer, presumed to be feeling sick. May be used for a patient in hospital, or for a common cold. Differs from the  http://emojipedia.org/face-with-thermometer/",thermometer|ill|sick|face,/Users/ningzd/Desktop/Pic_Gen/data/processed/emoji_editing/images/unicode_256/0051_u1f912.png,7,Apple|Google|Facebook|Windows|Twitter|JoyPixels|Samsung,1,1,1,1,1,1,1,0,0,0,0,sick,negative,0,0,0,0,0,0,0,0,0,1
52,🤕,U+1F915,U+1F915,face with head-bandage,face with head-bandage,face with head-bandage,Supplemental Symbols And Pictographs -> Emoticon faces,,"A face showing a bandage wrapped around the head. Used to show someone who has been injured. Differs from the face with thermometer, which i http://emojipedia.org/face-with-head-bandage/",hurt|bandage|face|injury,/Users/ningzd/Desktop/Pic_Gen/data/processed/emoji_editing/images/unicode_256/0052_u1f915.png,7,Apple|Google|Facebook|Windows|Twitter|JoyPixels|Samsung,1,1,1,1,1,1,1,0,0,0,0,sick,negative,0,0,0,0,0,0,0,0,0,0
53,🤢,U+1F922,U+1F922,nauseated face,nauseated face,nauseated face,Supplemental Symbols And Pictographs -> Emoticon faces,,"A green face, shown with pursed lipsed as though it may be about to vomit. Used literally for sickness, or as a display of disgust. Differs  http://emojipedia.org/nauseated-face/",nauseated|face|vomit,/Users/ningzd/Desktop/Pic_Gen/data/processed/emoji_editing/images/unicode_256/0053_u1f922.png,7,Apple|Google|Facebook|Windows|Twitter|JoyPixels|Samsung,1,1,1,1,1,1,1,0,0,0,0,sick,negative,0,0,0,0,0,0,0,0,0,0
54,🤮,U+1F92E,U+1F92E,face vomiting,face vomiting,,,,,,/Users/ningzd/Desktop/Pic_Gen/data/processed/emoji_editing/images/unicode_256/0054_u1f92e.png,7,Apple|Google|Facebook|Windows|Twitter|JoyPixels|Samsung,1,1,1,1,1,1,1,0,0,0,0,sick,negative,0,0,0,0,0,0,0,0,0,0
55,🤧,U+1F927,U+1F927,sneezing face,sneezing face,sneezing face,Supplemental Symbols And Pictographs -> Emoticon faces,,"A face displayed sneezing with a tissue blowing to one side, and closed eyes. Sneezing Face was approved as part of Unicode 9.0 in 2016 and  http://emojipedia.org/sneezing-face/",sneeze|gesundheit|face,/Users/ningzd/Desktop/Pic_Gen/data/processed/emoji_editing/images/unicode_256/0055_u1f927.png,7,Apple|Google|Facebook|Windows|Twitter|JoyPixels|Samsung,1,1,1,1,1,1,1,0,0,0,0,sick,negative,0,0,0,0,0,0,0,0,0,0
56,🥵,U+1F975,U+1F975,hot face,hot face,,,,,,/Users/ningzd/Desktop/Pic_Gen/data/processed/emoji_editing/images/unicode_256/0056_u1f975.png,7,Apple|Google|Facebook|Windows|Twitter|JoyPixels|Samsung,1,1,1,1,1,1,1,0,0,0,0,sick,negative,0,0,0,0,0,0,0,0,0,1
57,🥶,U+1F976,U+1F976,cold face,cold face,,,,,,/Users/ningzd/Desktop/Pic_Gen/data/processed/emoji_editing/images/unicode_256/0057_u1f976.png,7,Apple|Google|Facebook|Windows|Twitter|JoyPixels|Samsung,1,1,1,1,1,1,1,0,0,0,0,sick,negative,0,0,0,0,0,0,0,0,0,1
58,🥴,U+1F974,U+1F974,woozy face,woozy face,,,,,,/Users/ningzd/Desktop/Pic_Gen/data/processed/emoji_editing/images/unicode_256/0058_u1f974.png,7,Apple|Google|Facebook|Windows|Twitter|JoyPixels|Samsung,1,1,1,1,1,1,1,0,0,0,0,sick,negative,0,0,0,0,0,0,0,0,0,0
59,😵,U+1F635,U+1F635,knocked-out face,face with crossed-out eyes,dizzy face,Emoticons -> Faces,:dizzy_face:,"A dizzy face, looking sick or confused from being spun around in circles too many times. Difficult to distinguish from the Astonished Face i http://emojipedia.org/dizzy-face/",face|dizzy,/Users/ningzd/Desktop/Pic_Gen/data/processed/emoji_editing/images/unicode_256/0059_u1f635.png,10,Apple|Google|Facebook|Windows|Twitter|JoyPixels|Samsung|Gmail|DoCoMo|KDDI,1,1,1,1,1,1,1,1,0,1,1,sick,negative,0,0,0,0,0,0,0,0,0,0
60,😵‍💫,U+1F635 U+200D U+1F4AB,U+1F635-U+200D-U+1F4AB,face with spiral eyes,face with spiral eyes,,,,,,/Users/ningzd/Desktop/Pic_Gen/data/processed/emoji_editing/images/unicode_256/0060_u1f635_u200d_u1f4ab.png,11,Apple|Google|Facebook|Windows|Twitter|JoyPixels|Samsung|Gmail|SoftBank|DoCoMo|KDDI,1,1,1,1,1,1,1,1,1,1,1,surprised,mixed,0,0,0,0,0,0,0,0,0,0
61,🤯,U+1F92F,U+1F92F,exploding head,exploding head,,,,,,/Users/ningzd/Desktop/Pic_Gen/data/processed/emoji_editing/images/unicode_256/0061_u1f92f.png,7,Apple|Google|Facebook|Windows|Twitter|JoyPixels|Samsung,1,1,1,1,1,1,1,0,0,0,0,surprised,mixed,0,0,0,0,0,0,0,0,0,0
62,🤠,U+1F920,U+1F920,cowboy hat face,cowboy hat face,cowboy hat face,Supplemental Symbols And Pictographs -> Emoticon faces,,"A face displayed wearing a wide-brimmed cowboy hat. Shown as a yellow smiley, with non-human appearance. Cowboy Hat Face was approved as par http://emojipedia.org/face-with-cowboy-hat/",cowgirl|hat|face|cowboy,/Users/ningzd/Desktop/Pic_Gen/data/processed/emoji_editing/images/unicode_256/0062_u1f920.png,7,Apple|Google|Facebook|Windows|Twitter|JoyPixels|Samsung,1,1,1,1,1,1,1,0,0,0,0,cool,positive,0,0,0,0,0,0,0,0,1,0
63,🥳,U+1F973,U+1F973,partying face,partying face,,,,,,/Users/ningzd/Desktop/Pic_Gen/data/processed/emoji_editing/images/unicode_256/0063_u1f973.png,7,Apple|Google|Facebook|Windows|Twitter|JoyPixels|Samsung,1,1,1,1,1,1,1,0,0,0,0,joy,positive,0,0,0,0,0,0,0,0,0,0
64,🥸,U+1F978,U+1F978,disguised face,disguised face,,,,,,/Users/ningzd/Desktop/Pic_Gen/data/processed/emoji_editing/images/unicode_256/0064_u1f978.png,4,Apple|Google|Twitter|JoyPixels,1,1,0,0,1,1,0,0,0,0,0,other,mixed,0,0,0,0,0,0,0,0,0,0
65,😎,U+1F60E,U+1F60E,smiling face with sunglasses,smiling face with sunglasses,smiling face with sunglasses,Emoticons -> Faces,:sunglasses:,"A face smiling and wearing dark sunglasses that is used to denote a sense of cool. The nerd face emoji is a similar face, but with regular g http://emojipedia.org/smiling-face-with-sunglasses/",eyewear|smile|eye|sun|glasses|sunglasses|face|bright|cool,/Users/ningzd/Desktop/Pic_Gen/data/processed/emoji_editing/images/unicode_256/0065_u1f60e.png,8,Apple|Google|Facebook|Windows|Twitter|JoyPixels|Samsung|Gmail,1,1,1,1,1,1,1,1,0,0,0,joy,positive,0,0,0,0,1,0,0,0,0,0
66,🤓,U+1F913,U+1F913,nerd face,nerd face,nerd face,Supplemental Symbols And Pictographs -> Emoticon faces,,"A sterotypically “nerd-like” face with glasses, and buck teeth. Nerd Face was approved as part of Unicode 8.0 in 2015 and added to Emoji 1.0 http://emojipedia.org/nerd-face/",face|geek|nerd,/Users/ningzd/Desktop/Pic_Gen/data/processed/emoji_editing/images/unicode_256/0066_u1f913.png,7,Apple|Google|Facebook|Windows|Twitter|JoyPixels|Samsung,1,1,1,1,1,1,1,0,0,0,0,cool,positive,0,0,0,0,1,0,0,0,0,0
67,🧐,U+1F9D0,U+1F9D0,face with monocle,face with monocle,,,,,,,7,Apple|Google|Facebook|Windows|Twitter|JoyPixels|Samsung,1,1,1,1,1,1,1,0,0,0,0,cool,positive,0,0,0,0,1,0,0,0,0,0
68,😕,U+1F615,U+1F615,confused face,confused face,confused face,Emoticons -> Faces,:confused:,"Part displeased, part unsure what to think. This face isn’t sad, but is a bit confused and puzzled by the situation. On the spectrum of disp http://emojipedia.org/confused-face/",confused|face,/Users/ningzd/Desktop/Pic_Gen/data/processed/emoji_editing/images/unicode_256/0068_u1f615.png,8,Apple|Google|Facebook|Windows|Twitter|JoyPixels|Samsung|Gmail,1,1,1,1,1,1,1,1,0,0,0,neutral,mixed,0,0,0,0,0,0,0,0,0,0
69,😟,U+1F61F,U+1F61F,worried face,worried face,worried face,Emoticons -> Faces,:worried:,"Face with a sad mouth, and worried-looking eyebrows. Worried Face was approved as part of Unicode 6.1 in 2012 and added to Emoji 1.0 in 2015 http://emojipedia.org/worried-face/",face|worried,/Users/ningzd/Desktop/Pic_Gen/data/processed/emoji_editing/images/unicode_256/0069_u1f61f.png,8,Apple|Google|Facebook|Windows|Twitter|JoyPixels|Samsung|Gmail,1,1,1,1,1,1,1,1,0,0,0,fear,negative,0,0,0,0,0,0,0,0,0,0
70,🙁,U+1F641,U+1F641,slightly frowning face,slightly frowning face,slightly frowning face,Emoticons -> Faces,,"A face that is a little bit sad, with a slight frown and neutral eyes. Slightly Frowning Face was approved as part of Unicode 7.0 in 2014 an http://emojipedia.org/slightly-frowning-face/",face|frown,/Users/ningzd/Desktop/Pic_Gen/data/processed/emoji_editing/images/unicode_256/0070_u1f641.png,7,Apple|Google|Facebook|Windows|Twitter|JoyPixels|Samsung,1,1,1,1,1,1,1,0,0,0,0,sad,negative,0,0,0,0,0,0,0,0,0,0
71,☹,U+2639,U+2639,frowning face,,frowning face,Miscellaneous Symbols -> Emoticons,,A frowning face with an unhappy mouth curving downward. This face is a more extreme version of the slightly frowning face. See the glossary  http://emojipedia.org/white-frowning-face/,face|frown,,7,Apple|Google|Facebook|Windows|Twitter|JoyPixels|Samsung,1,1,1,1,1,1,1,0,0,0,0,sad,negative,0,0,0,0,0,0,0,0,0,0
72,😮,U+1F62E,U+1F62E,face with open mouth,face with open mouth,face with open mouth,Emoticons -> Faces,:open_mouth:,"A face with the mouth wide open, which is generally used to represent an element of surprise. Can also be used for “mock shock”, as it is le http://emojipedia.org/face-with-open-mouth/",mouth|open|sympathy|face,/Users/ningzd/Desktop/Pic_Gen/data/processed/emoji_editing/images/unicode_256/0072_u1f62e.png,7,Apple|Google|Facebook|Windows|Twitter|JoyPixels|Samsung,1,1,1,1,1,1,1,0,0,0,0,surprised,mixed,0,0,0,0,0,0,0,0,0,0
73,😯,U+1F62F,U+1F62F,hushed face,hushed face,hushed face,Emoticons -> Faces,:hushed:,"A face that looks more surprised than hushed, it has high eyebrows, and an open mouth. The appearance is similar to the Astonished face, but http://emojipedia.org/hushed-face/",surprised|stunned|hushed|face,/Users/ningzd/Desktop/Pic_Gen/data/processed/emoji_editing/images/unicode_256/0073_u1f62f.png,7,Apple|Google|Facebook|Windows|Twitter|JoyPixels|Samsung,1,1,1,1,1,1,1,0,0,0,0,surprised,mixed,0,0,0,0,0,0,0,0,0,0
74,😲,U+1F632,U+1F632,astonished face,astonished face,astonished face,Emoticons -> Faces,:astonished:,"An astonished face, with a wide open mouth, gasping in shock or surprise. The Google artwork for this emoji looks slightly inebriated, with  http://emojipedia.org/astonished-face/",totally|shocked|astonished|face,/Users/ningzd/Desktop/Pic_Gen/data/processed/emoji_editing/images/unicode_256/0074_u1f632.png,10,Apple|Google|Facebook|Windows|Twitter|JoyPixels|Samsung|Gmail|SoftBank|KDDI,1,1,1,1,1,1,1,1,1,0,1,surprised,mixed,0,0,0,0,0,0,0,0,0,0
75,😳,U+1F633,U+1F633,flushed face,flushed face,flushed face,Emoticons -> Faces,:flushed:,"An embarrassed face with flushed red cheeks. This face is blushing due to a mistake, or other embarrassing situation. In the Apple artwork t http://emojipedia.org/flushed-face/",flushed|face|dazed,/Users/ningzd/Desktop/Pic_Gen/data/processed/emoji_editing/images/unicode_256/0075_u1f633.png,10,Apple|Google|Facebook|Windows|Twitter|JoyPixels|Samsung|Gmail|SoftBank|KDDI,1,1,1,1,1,1,1,1,1,0,1,surprised,mixed,0,0,0,0,0,0,0,0,0,0
76,🥺,U+1F97A,U+1F97A,pleading face,pleading face,,,,,,/Users/ningzd/Desktop/Pic_Gen/data/processed/emoji_editing/images/unicode_256/0076_u1f97a.png,7,Apple|Google|Facebook|Windows|Twitter|JoyPixels|Samsung,1,1,1,1,1,1,1,0,0,0,0,surprised,mixed,0,0,0,0,0,0,0,0,0,0
77,😦,U+1F626,U+1F626,frowning face with open mouth,frowning face with open mouth,frowning face with open mouth,Emoticons -> Faces,:frowning:,Face with open eyes and open mouth. The Apple artwork for this emoji looks like a person yawning. Google and Microsoft’s artwork appear clos http://emojipedia.org/frowning-face-with-open-mouth/,mouth|open|face|frown,/Users/ningzd/Desktop/Pic_Gen/data/processed/emoji_editing/images/unicode_256/0077_u1f626.png,7,Apple|Google|Facebook|Windows|Twitter|JoyPixels|Samsung,1,1,1,1,1,1,1,0,0,0,0,surprised,mixed,0,0,0,0,0,0,0,0,0,0
78,😧,U+1F627,U+1F627,anguished face,anguished face,anguished face,Emoticons -> Faces,:anguished:,"This face has raised eyebrows, open eyes and open mouth. A mixture of shock and disappointment. Anguished Face was approved as part of Unico http://emojipedia.org/anguished-face/",anguished|face,/Users/ningzd/Desktop/Pic_Gen/data/processed/emoji_editing/images/unicode_256/0078_u1f627.png,7,Apple|Google|Facebook|Windows|Twitter|JoyPixels|Samsung,1,1,1,1,1,1,1,0,0,0,0,sad,negative,0,0,0,0,0,0,0,0,0,0
79,😨,U+1F628,U+1F628,fearful face,fearful face,fearful face,Emoticons -> Faces,:fearful:,A face with wide open eyes and raised eyebrows. Appears to be shocked by a scary event. Fearful Face was approved as part of Unicode 6.0 in  http://emojipedia.org/fearful-face/,scared|fearful|fear|face,/Users/ningzd/Desktop/Pic_Gen/data/processed/emoji_editing/images/unicode_256/0079_u1f628.png,10,Apple|Google|Facebook|Windows|Twitter|JoyPixels|Samsung|Gmail|SoftBank|KDDI,1,1,1,1,1,1,1,1,1,0,1,fear,negative,0,0,0,0,0,0,0,0,0,0
80,😰,U+1F630,U+1F630,anxious face with sweat,anxious face with sweat,face with open mouth & cold sweat,Emoticons -> Faces,:cold_sweat:,"A look of concern, with a blue forehead and sweat dripping down the cheek. The exception to this emoji was the Windows version which appeare http://emojipedia.org/face-with-open-mouth-and-cold-sweat/",blue|cold|mouth|open|sweat|rushed|face,/Users/ningzd/Desktop/Pic_Gen/data/processed/emoji_editing/images/unicode_256/0080_u1f630.png,10,Apple|Google|Facebook|Windows|Twitter|JoyPixels|Samsung|Gmail|SoftBank|KDDI,1,1,1,1,1,1,1,1,1,0,1,fear,negative,0,1,0,0,0,0,0,0,0,0
81,😥,U+1F625,U+1F625,sad but relieved face,sad but relieved face,disappointed but relieved face,Emoticons -> Faces,:disappointed_relieved:,"This face has sweat dripping from its brow, due to a stressful situation. Not to be confused with the Crying Face emoji, which has a tear on http://emojipedia.org/disappointed-but-relieved-face/",disappointed|whew|relieved|face,/Users/ningzd/Desktop/Pic_Gen/data/processed/emoji_editing/images/unicode_256/0081_u1f625.png,9,Apple|Google|Facebook|Windows|Twitter|JoyPixels|Samsung|Gmail|SoftBank,1,1,1,1,1,1,1,1,1,0,0,neutral,mixed,0,0,0,0,0,0,0,0,0,0
82,😢,U+1F622,U+1F622,crying face,crying face,crying face,Emoticons -> Faces,:cry:,"A sad face with a single tear running from one eye, down the cheek. Hurt and upset, but not crying hysterically. Some versions of this emoji http://emojipedia.org/crying-face/",sad|face|cry|tear,/Users/ningzd/Desktop/Pic_Gen/data/processed/emoji_editing/images/unicode_256/0082_u1f622.png,11,Apple|Google|Facebook|Windows|Twitter|JoyPixels|Samsung|Gmail|SoftBank|DoCoMo|KDDI,1,1,1,1,1,1,1,1,1,1,1,sad,negative,1,0,0,0,0,0,0,0,0,0
83,😭,U+1F62D,U+1F62D,loudly crying face,loudly crying face,loudly crying face,Emoticons -> Faces,:sob:,A sad face with tears streaming down both cheeks. This face is distraught and inconsolable. Not to be confused with the tears of joy emoji.  http://emojipedia.org/loudly-crying-face/,sob|sad|face|cry|tear,/Users/ningzd/Desktop/Pic_Gen/data/processed/emoji_editing/images/unicode_256/0083_u1f62d.png,11,Apple|Google|Facebook|Windows|Twitter|JoyPixels|Samsung|Gmail|SoftBank|DoCoMo|KDDI,1,1,1,1,1,1,1,1,1,1,1,sad,negative,1,0,0,0,0,0,0,0,0,0
84,😱,U+1F631,U+1F631,face screaming in fear,face screaming in fear,face screaming in fear,Emoticons -> Faces,:scream:,A screaming face with two hands holding the jaw and cheeks in fear. Wide eyes are shown with an open mouth. The Samsung version of this emoj http://emojipedia.org/face-screaming-in-fear/,scared|munch|fearful|scream|fear|face,/Users/ningzd/Desktop/Pic_Gen/data/processed/emoji_editing/images/unicode_256/0084_u1f631.png,11,Apple|Google|Facebook|Windows|Twitter|JoyPixels|Samsung|Gmail|SoftBank|DoCoMo|KDDI,1,1,1,1,1,1,1,1,1,1,1,fear,negative,0,0,0,0,0,0,0,0,0,0
85,😖,U+1F616,U+1F616,confounded face,confounded face,confounded face,Emoticons -> Faces,:confounded:,"On the verge of tears, this emoji has tightly closed eyes, and a quivering mouth. Confounded Face was approved as part of Unicode 6.0 in 201 http://emojipedia.org/confounded-face/",face|confounded,/Users/ningzd/Desktop/Pic_Gen/data/processed/emoji_editing/images/unicode_256/0085_u1f616.png,11,Apple|Google|Facebook|Windows|Twitter|JoyPixels|Samsung|Gmail|SoftBank|DoCoMo|KDDI,1,1,1,1,1,1,1,1,1,1,1,sad,negative,0,0,0,0,0,0,0,0,0,0
86,😣,U+1F623,U+1F623,persevering face,persevering face,persevering face,Emoticons -> Faces,:persevere:,"Face with scrunched up and closed eyes, frowning. Used to show helplessness in a situation. May be on the verge of tears. Persevering Face w http://emojipedia.org/persevering-face/",persevere|face,/Users/ningzd/Desktop/Pic_Gen/data/processed/emoji_editing/images/unicode_256/0086_u1f623.png,11,Apple|Google|Facebook|Windows|Twitter|JoyPixels|Samsung|Gmail|SoftBank|DoCoMo|KDDI,1,1,1,1,1,1,1,1,1,1,1,sad,negative,0,0,0,0,0,0,0,0,0,0
87,😞,U+1F61E,U+1F61E,disappointed face,disappointed face,disappointed face,Emoticons -> Faces,:disappointed:,A sad face with a frowning mouth and disappointed eyes. Not to be confused with the pensive face which is more remorseful. Disappointed Face http://emojipedia.org/disappointed-face/,disappointed|face,/Users/ningzd/Desktop/Pic_Gen/data/processed/emoji_editing/images/unicode_256/0087_u1f61e.png,10,Apple|Google|Facebook|Windows|Twitter|JoyPixels|Samsung|Gmail|SoftBank|DoCoMo,1,1,1,1,1,1,1,1,1,1,0,sad,negative,0,0,0,0,0,0,0,0,0,0
88,😓,U+1F613,U+1F613,downcast face with sweat,downcast face with sweat,face with cold sweat,Emoticons -> Faces,:sweat:,"A face with a sad or neutral mouth, with a single drop of sweat. Face With Cold Sweat was approved as part of Unicode 6.0 in 2010 and added  http://emojipedia.org/face-with-cold-sweat/",cold|sweat|face,/Users/ningzd/Desktop/Pic_Gen/data/processed/emoji_editing/images/unicode_256/0088_u1f613.png,11,Apple|Google|Facebook|Windows|Twitter|JoyPixels|Samsung|Gmail|SoftBank|DoCoMo|KDDI,1,1,1,1,1,1,1,1,1,1,1,sad,negative,0,1,0,0,0,0,0,0,0,0
89,😩,U+1F629,U+1F629,weary face,weary face,weary face,Emoticons -> Faces,:weary:,"A distraught-looking emoji with an open mouth, and crescent shaped eyes. Appears to have given up. Very similar in appearance to the Tired F http://emojipedia.org/weary-face/",tired|face|weary,/Users/ningzd/Desktop/Pic_Gen/data/processed/emoji_editing/images/unicode_256/0089_u1f629.png,9,Apple|Google|Facebook|Windows|Twitter|JoyPixels|Samsung|Gmail|KDDI,1,1,1,1,1,1,1,1,0,0,1,sad,negative,0,0,0,0,0,0,0,0,0,0
90,😫,U+1F62B,U+1F62B,tired face,tired face,tired face,Emoticons -> Faces,:tired_face:,An exhausted-looking face with an open mouth and tightly closed eyes. On some platforms this emoji is similar in appearance to the Weary Fac http://emojipedia.org/tired-face/,tired|face,/Users/ningzd/Desktop/Pic_Gen/data/processed/emoji_editing/images/unicode_256/0090_u1f62b.png,9,Apple|Google|Facebook|Windows|Twitter|JoyPixels|Samsung|Gmail|KDDI,1,1,1,1,1,1,1,1,0,0,1,sad,negative,0,0,0,0,0,0,0,0,0,0
91,🥱,U+1F971,U+1F971,yawning face,yawning face,,,,,,/Users/ningzd/Desktop/Pic_Gen/data/processed/emoji_editing/images/unicode_256/0091_u1f971.png,7,Apple|Google|Facebook|Windows|Twitter|JoyPixels|Samsung,1,1,1,1,1,1,1,0,0,0,0,sad,negative,0,0,0,0,0,0,0,0,0,0
92,😤,U+1F624,U+1F624,face with steam from nose,face with steam from nose,face with steam from nose,Emoticons -> Faces,:triumph:,"A face with air coming out of its nose, in a proud yet disdainful way. Commonly used for representing frustration at a situation, or a being http://emojipedia.org/face-with-look-of-triumph/",triumph|face|won,/Users/ningzd/Desktop/Pic_Gen/data/processed/emoji_editing/images/unicode_256/0092_u1f624.png,9,Apple|Google|Facebook|Windows|Twitter|JoyPixels|Samsung|Gmail|KDDI,1,1,1,1,1,1,1,1,0,0,1,angry,negative,0,0,0,0,0,0,0,0,0,0
93,😡,U+1F621,U+1F621,pouting face,enraged face,pouting face,Emoticons -> Faces,:rage:,"A pouting face outwardly showing displeasure with a person or situation. Displayed with a furrowed brow on most platforms, this emoji is com http://emojipedia.org/pouting-face/",rage|angry|pouting|face|red|mad,/Users/ningzd/Desktop/Pic_Gen/data/processed/emoji_editing/images/unicode_256/0093_u1f621.png,11,Apple|Google|Facebook|Windows|Twitter|JoyPixels|Samsung|Gmail|SoftBank|DoCoMo|KDDI,1,1,1,1,1,1,1,1,1,1,1,angry,negative,0,0,0,0,0,0,0,0,0,0
94,😠,U+1F620,U+1F620,angry face,angry face,angry face,Emoticons -> Faces,:angry:,"An angry looking face. Has inward-facing eyebrows, and a frowning mouth. Expresses anger, grumpiness or annoyance at a situation. Angry Face http://emojipedia.org/angry-face/",angry|face|mad,/Users/ningzd/Desktop/Pic_Gen/data/processed/emoji_editing/images/unicode_256/0094_u1f620.png,11,Apple|Google|Facebook|Windows|Twitter|JoyPixels|Samsung|Gmail|SoftBank|DoCoMo|KDDI,1,1,1,1,1,1,1,1,1,1,1,angry,negative,0,0,0,0,0,0,0,0,0,0
95,🤬,U+1F92C,U+1F92C,face with symbols on mouth,face with symbols on mouth,,,,,,/Users/ningzd/Desktop/Pic_Gen/data/processed/emoji_editing/images/unicode_256/0095_u1f92c.png,7,Apple|Google|Facebook|Windows|Twitter|JoyPixels|Samsung,1,1,1,1,1,1,1,0,0,0,0,angry,negative,0,0,0,0,0,0,0,0,0,0
96,😈,U+1F608,U+1F608,smiling face with horns,smiling face with horns,smiling face with horns,Emoticons -> Faces,:smiling_imp:,"A smiling devil-like face. Has an evil-looking smiling face with inward facing eyebrows. In Apple’s artwork, this appears purple, and nearly http://emojipedia.org/smiling-face-with-horns/",smile|fairy tale|horns|fantasy|face,/Users/ningzd/Desktop/Pic_Gen/data/processed/emoji_editing/images/unicode_256/0096_u1f608.png,7,Apple|Google|Facebook|Windows|Twitter|JoyPixels|Samsung,1,1,1,1,1,1,1,0,0,0,0,joy,positive,0,0,0,0,0,0,0,1,0,0
97,👿,U+1F47F,U+1F47F,angry face with horns,angry face with horns,angry face with horns,Miscellaneous Symbols And Pictographs -> Fairy tale symbols,:imp:,"A less-evil version of a demon; the Imp is a cheeky and mischievous character originating in Germanic Folkore. Shows as purple on iOS, orang http://emojipedia.org/imp/",fairy tale|devil|imp|fantasy|demon|face,/Users/ningzd/Desktop/Pic_Gen/data/processed/emoji_editing/images/unicode_256/0097_u1f47f.png,10,Apple|Google|Facebook|Windows|Twitter|JoyPixels|Samsung|Gmail|SoftBank|KDDI,1,1,1,1,1,1,1,1,1,0,1,angry,negative,0,0,0,0,0,0,0,1,0,0
